Application_ID,Application_Date,Gender,Age,Employment_Type,Annual_Income,Loan_Amount,Loan_Purpose,Credit_Score,Loan_Status
1,2022-01-01,Male,37,Salaried,162312,173197,Education,528,Approved
2,2022-01-02,Female,29,Salaried,112493,465115,Personal,823,Approved
3,2022-01-03,Male,53,Self-Employed,145149,47291,Education,454,Rejected
4,2022-01-04,Male,40,Self-Employed,183834,433276,Education,722,Rejected
5,2022-01-05,Male,33,Salaried,28259,399754,Personal,545,Approved
6,2022-01-06,Female,48,Self-Employed,148775,434392,Home,704,Approved
7,2022-01-07,Male,49,Self-Employed,34849,308664,Education,840,Approved
8,2022-01-08,Male,33,Salaried,101768,30675,Education,460,Approved
9,2022-01-09,Male,55,Salaried,126108,154359,Business,416,Rejected
10,2022-01-10,Female,26,Salaried,109709,267318,Personal,570,Approved
11,2022-01-11,Male,38,Salaried,74869,97268,Car,786,Approved
12,2022-01-12,Male,25,Salaried,146888,302142,Home,471,Approved
13,2022-01-13,Male,45,Salaried,83095,189384,Home,573,Approved
14,2022-01-14,Male,22,Salaried,137886,410328,Personal,558,Rejected
15,2022-01-15,Female,30,Salaried,90910,110410,Business,434,Approved
16,2022-01-16,Male,50,Salaried,43567,342369,Business,721,Rejected
17,2022-01-17,Female,25,Salaried,55292,311958,Personal,720,Approved
18,2022-01-18,Female,53,Self-Employed,94813,352235,Business,485,Rejected
19,2022-01-19,Female,21,Salaried,117136,317863,Home,663,Approved
20,2022-01-20,Male,38,Unemployed,71631,134887,Home,677,Approved
21,2022-01-21,Female,52,Unemployed,29885,301063,Car,822,Rejected
22,2022-01-22,Male,31,Salaried,86314,340299,Personal,495,Approved
23,2022-01-23,Female,41,Salaried,85087,338713,Education,397,Approved
24,2022-01-24,Female,46,Salaried,180237,308472,Education,321,Approved
25,2022-01-25,Female,45,Salaried,115998,206554,Car,749,Rejected
26,2022-01-26,Female,42,Self-Employed,69812,291762,Car,471,Approved
27,2022-01-27,Female,47,Salaried,78643,39675,Business,682,Rejected
28,2022-01-28,Female,33,Salaried,64900,286063,Car,433,Approved
29,2022-01-29,Female,53,Salaried,194018,271317,Car,725,Approved
30,2022-01-30,Female,54,Salaried,158923,376513,Education,324,Rejected
31,2022-01-31,Male,61,Self-Employed,36288,293544,Business,802,Approved
32,2022-02-01,Male,55,Salaried,92692,186517,Car,484,Rejected
33,2022-02-02,Female,21,Salaried,158440,75305,Car,384,Rejected
34,2022-02-03,Female,41,Salaried,105436,173636,Business,443,Approved
35,2022-02-04,Female,26,Unemployed,66403,444030,Personal,711,Approved
36,2022-02-05,Male,48,Salaried,111170,477963,Business,523,Approved
37,2022-02-06,Female,37,Salaried,29168,93791,Education,519,Rejected
38,2022-02-07,Male,25,Self-Employed,69879,164034,Personal,478,Rejected
39,2022-02-08,Male,51,Salaried,79871,483108,Home,732,Approved
40,2022-02-09,Male,25,Unemployed,52174,484058,Business,564,Approved
41,2022-02-10,Male,58,Self-Employed,157653,75533,Education,728,Approved
42,2022-02-11,Male,23,Self-Employed,130155,192256,Personal,715,Rejected
43,2022-02-12,Female,43,Self-Employed,91853,481128,Business,752,Approved
44,2022-02-13,Female,57,Unemployed,84046,370735,Car,496,Approved
45,2022-02-14,Female,57,Unemployed,69678,146650,Business,352,Approved
46,2022-02-15,Female,30,Self-Employed,46649,136060,Home,779,Rejected
47,2022-02-16,Female,30,Self-Employed,147795,154696,Business,742,Approved
48,2022-02-17,Male,39,Salaried,108668,306338,Personal,629,Approved
49,2022-02-18,Female,37,Salaried,165639,377047,Personal,550,Approved
50,2022-02-19,Female,41,Salaried,109906,398605,Business,422,Approved
51,2022-02-20,Male,34,Salaried,116019,366447,Personal,686,Rejected
52,2022-02-21,Female,29,Salaried,98002,247188,Car,638,Rejected
53,2022-02-22,Male,21,Salaried,48803,381047,Business,647,Approved
54,2022-02-23,Female,33,Salaried,169302,334535,Car,328,Approved
55,2022-02-24,Male,24,Self-Employed,168934,242501,Car,334,Approved
56,2022-02-25,Female,21,Unemployed,194427,412010,Education,817,Approved
57,2022-02-26,Female,60,Salaried,182331,325146,Business,695,Rejected
58,2022-02-27,Male,52,Salaried,50795,302675,Personal,593,Approved
59,2022-02-28,Male,54,Self-Employed,28770,188887,Car,648,Approved
60,2022-03-01,Male,48,Salaried,31093,9986,Education,446,Approved
61,2022-03-02,Male,51,Self-Employed,197643,299442,Business,366,Approved
62,2022-03-03,Male,28,Salaried,151265,268625,Business,819,Approved
63,2022-03-04,Male,59,Salaried,120311,323552,Home,421,Approved
64,2022-03-05,Male,46,Unemployed,37569,205339,Home,639,Approved
65,2022-03-06,Male,54,Salaried,31190,126950,Car,474,Rejected
66,2022-03-07,Female,23,Self-Employed,82824,415051,Home,750,Approved
67,2022-03-08,Female,32,Self-Employed,193824,130355,Car,435,Approved
68,2022-03-09,Male,21,Salaried,183399,32798,Personal,315,Rejected
69,2022-03-10,Female,64,Self-Employed,62070,96649,Car,632,Approved
70,2022-03-11,Female,25,Unemployed,60197,332031,Home,494,Rejected
71,2022-03-12,Female,50,Salaried,22261,24477,Personal,795,Approved
72,2022-03-13,Female,50,Self-Employed,177584,415482,Home,308,Approved
73,2022-03-14,Male,37,Salaried,157788,222400,Car,633,Approved
74,2022-03-15,Female,43,Self-Employed,106795,222060,Education,632,Approved
75,2022-03-16,Male,35,Self-Employed,48933,394959,Business,626,Approved
76,2022-03-17,Female,57,Salaried,155450,441742,Home,314,Rejected
77,2022-03-18,Female,41,Unemployed,60583,394570,Car,525,Approved
78,2022-03-19,Female,34,Unemployed,132082,410105,Personal,724,Approved
79,2022-03-20,Male,22,Self-Employed,105371,291479,Home,707,Approved
80,2022-03-21,Female,31,Self-Employed,180105,409470,Home,412,Approved
81,2022-03-22,Male,59,Self-Employed,175072,353754,Business,727,Approved
82,2022-03-23,Female,58,Salaried,131032,278586,Car,300,Approved
83,2022-03-24,Male,54,Self-Employed,62604,313433,Education,565,Rejected
84,2022-03-25,Female,58,Salaried,115074,320891,Personal,790,Rejected
85,2022-03-26,Male,54,Salaried,93869,304471,Car,507,Approved
86,2022-03-27,Male,38,Self-Employed,25410,414415,Personal,668,Approved
87,2022-03-28,Female,50,Salaried,103375,339971,Home,605,Rejected
88,2022-03-29,Male,35,Salaried,116055,111464,Business,311,Rejected
89,2022-03-30,Female,47,Salaried,157868,136184,Business,644,Approved
90,2022-03-31,Female,54,Salaried,106716,92051,Education,764,Rejected
91,2022-04-01,Female,58,Self-Employed,74245,155653,Business,793,Approved
92,2022-04-02,Female,53,Salaried,63056,250300,Home,667,Rejected
93,2022-04-03,Female,44,Self-Employed,168781,64722,Education,719,Approved
94,2022-04-04,Female,35,Salaried,78557,97036,Car,470,Approved
95,2022-04-05,Female,50,Self-Employed,37543,233634,Business,433,Rejected
96,2022-04-06,Female,62,Salaried,188490,152595,Education,726,Approved
97,2022-04-07,Female,37,Salaried,116038,334104,Home,324,Approved
98,2022-04-08,Female,25,Self-Employed,167796,253709,Personal,829,Approved
99,2022-04-09,Female,49,Self-Employed,23828,286696,Personal,489,Rejected
100,2022-04-10,Male,24,Salaried,136656,146880,Home,440,Rejected
101,2022-04-11,Male,30,Salaried,37087,240419,Home,614,Rejected
102,2022-04-12,Female,37,Salaried,163677,470741,Personal,743,Approved
103,2022-04-13,Female,30,Salaried,51337,159692,Education,618,Rejected
104,2022-04-14,Female,37,Self-Employed,156554,268031,Personal,740,Approved
105,2022-04-15,Female,40,Salaried,85333,298946,Home,391,Approved
106,2022-04-16,Female,44,Salaried,156535,90024,Business,478,Rejected
107,2022-04-17,Female,25,Salaried,90448,493765,Car,355,Approved
108,2022-04-18,Female,54,Salaried,24648,250809,Business,454,Approved
109,2022-04-19,Female,26,Salaried,150576,123639,Business,410,Approved
110,2022-04-20,Male,22,Salaried,53623,385392,Home,436,Approved
111,2022-04-21,Female,33,Salaried,55634,86938,Personal,531,Rejected
112,2022-04-22,Male,63,Salaried,195674,222813,Education,767,Approved
113,2022-04-23,Female,63,Self-Employed,134598,257100,Business,780,Rejected
114,2022-04-24,Female,31,Salaried,69334,389890,Personal,367,Approved
115,2022-04-25,Male,43,Unemployed,88648,293193,Education,548,Approved
116,2022-04-26,Female,36,Salaried,42054,344933,Business,622,Approved
117,2022-04-27,Male,51,Self-Employed,90028,89526,Education,817,Rejected
118,2022-04-28,Female,31,Self-Employed,42207,406062,Personal,731,Approved
119,2022-04-29,Female,36,Self-Employed,101554,488779,Car,786,Rejected
120,2022-04-30,Male,28,Self-Employed,172458,51220,Personal,728,Approved
121,2022-05-01,Female,24,Salaried,103276,313307,Home,568,Approved
122,2022-05-02,Male,60,Salaried,72781,401981,Education,836,Approved
123,2022-05-03,Female,24,Salaried,195271,384270,Car,447,Rejected
124,2022-05-04,Male,45,Salaried,81035,348630,Education,417,Rejected
125,2022-05-05,Male,23,Salaried,28210,443486,Education,666,Approved
126,2022-05-06,Female,52,Salaried,64363,80277,Business,365,Approved
127,2022-05-07,Female,23,Self-Employed,98279,486494,Home,669,Approved
128,2022-05-08,Male,47,Salaried,173504,488455,Education,474,Rejected
129,2022-05-09,Female,49,Self-Employed,154393,371389,Personal,794,Approved
130,2022-05-10,Female,52,Self-Employed,101348,127332,Personal,413,Rejected
131,2022-05-11,Female,39,Unemployed,188455,239231,Business,410,Rejected
132,2022-05-12,Male,41,Salaried,133816,27931,Home,738,Approved
133,2022-05-13,Male,25,Salaried,143053,94116,Home,446,Rejected
134,2022-05-14,Male,38,Salaried,186892,256671,Personal,334,Approved
135,2022-05-15,Male,48,Salaried,86262,322777,Car,608,Approved
136,2022-05-16,Male,62,Self-Employed,154832,478918,Business,837,Approved
137,2022-05-17,Male,42,Salaried,173262,56913,Business,313,Approved
138,2022-05-18,Male,41,Self-Employed,87411,255216,Personal,673,Rejected
139,2022-05-19,Male,26,Salaried,43377,99776,Personal,727,Approved
140,2022-05-20,Male,21,Self-Employed,197809,30991,Car,532,Approved
141,2022-05-21,Female,25,Self-Employed,58211,190917,Car,739,Approved
142,2022-05-22,Male,61,Salaried,23744,109092,Home,801,Approved
143,2022-05-23,Female,32,Salaried,44995,234577,Business,574,Approved
144,2022-05-24,Female,46,Salaried,168049,191384,Business,375,Approved
145,2022-05-25,Female,54,Salaried,54542,408777,Personal,738,Approved
146,2022-05-26,Male,34,Salaried,30651,415117,Home,588,Rejected
147,2022-05-27,Male,46,Salaried,119239,242113,Business,839,Rejected
148,2022-05-28,Male,47,Salaried,98931,100556,Home,552,Approved
149,2022-05-29,Male,29,Salaried,122112,330019,Home,425,Rejected
150,2022-05-30,Female,46,Salaried,36715,161989,Personal,476,Approved
151,2022-05-31,Male,42,Self-Employed,195481,329264,Home,336,Approved
152,2022-06-01,Male,50,Salaried,175378,400204,Car,709,Approved
153,2022-06-02,Male,63,Self-Employed,170158,377185,Car,426,Approved
154,2022-06-03,Male,37,Salaried,165448,133467,Education,782,Approved
155,2022-06-04,Male,46,Salaried,81350,412472,Personal,467,Rejected
156,2022-06-05,Female,56,Self-Employed,91425,385634,Education,593,Approved
157,2022-06-06,Male,21,Salaried,187708,223800,Car,642,Rejected
158,2022-06-07,Female,28,Salaried,106120,131155,Education,609,Approved
159,2022-06-08,Male,55,Salaried,134889,295374,Personal,827,Rejected
160,2022-06-09,Female,35,Salaried,185682,64778,Personal,839,Approved
161,2022-06-10,Male,42,Salaried,161130,50833,Home,718,Approved
162,2022-06-11,Male,34,Salaried,94637,289769,Business,743,Approved
163,2022-06-12,Female,46,Self-Employed,90194,37088,Home,535,Approved
164,2022-06-13,Female,48,Salaried,96917,215722,Personal,738,Approved
165,2022-06-14,Female,43,Salaried,84200,439383,Car,513,Rejected
166,2022-06-15,Male,34,Salaried,125848,371081,Car,384,Approved
167,2022-06-16,Female,44,Self-Employed,126022,469507,Home,384,Rejected
168,2022-06-17,Male,22,Salaried,197691,201375,Personal,788,Approved
169,2022-06-18,Male,46,Salaried,168226,81361,Car,364,Rejected
170,2022-06-19,Female,34,Salaried,170611,355373,Personal,363,Approved
171,2022-06-20,Female,27,Unemployed,80058,140189,Car,642,Approved
172,2022-06-21,Male,23,Salaried,82068,95265,Personal,651,Rejected
173,2022-06-22,Male,43,Salaried,119932,102718,Education,457,Approved
174,2022-06-23,Female,63,Salaried,181445,327854,Personal,790,Approved
175,2022-06-24,Female,38,Self-Employed,184226,492642,Personal,762,Approved
176,2022-06-25,Female,58,Salaried,157103,99876,Home,524,Approved
177,2022-06-26,Male,55,Salaried,42785,465270,Education,612,Approved
178,2022-06-27,Male,35,Self-Employed,179741,35949,Business,765,Rejected
179,2022-06-28,Male,45,Self-Employed,114475,420763,Home,387,Approved
180,2022-06-29,Male,57,Salaried,22282,217954,Business,602,Approved
181,2022-06-30,Male,48,Self-Employed,185696,335280,Car,734,Approved
182,2022-07-01,Male,30,Salaried,199510,116541,Business,434,Approved
183,2022-07-02,Female,59,Salaried,87534,200691,Personal,349,Approved
184,2022-07-03,Male,37,Salaried,182777,66842,Business,731,Rejected
185,2022-07-04,Male,59,Unemployed,189316,493019,Home,639,Approved
186,2022-07-05,Male,42,Salaried,94964,237930,Home,646,Rejected
187,2022-07-06,Female,46,Salaried,188509,294134,Business,646,Approved
188,2022-07-07,Male,64,Salaried,139006,152265,Home,544,Approved
189,2022-07-08,Male,45,Self-Employed,70583,297253,Home,408,Approved
190,2022-07-09,Female,37,Salaried,58392,135356,Business,832,Approved
191,2022-07-10,Male,33,Salaried,27461,417449,Education,389,Approved
192,2022-07-11,Male,40,Salaried,120123,249629,Education,595,Approved
193,2022-07-12,Male,45,Salaried,30516,217802,Car,411,Rejected
194,2022-07-13,Male,24,Salaried,168586,395277,Home,476,Approved
195,2022-07-14,Male,30,Self-Employed,141251,170582,Business,642,Rejected
196,2022-07-15,Female,23,Salaried,187340,268450,Home,400,Approved
197,2022-07-16,Female,61,Salaried,187860,8849,Personal,700,Rejected
198,2022-07-17,Female,38,Self-Employed,82493,17360,Home,327,Rejected
199,2022-07-18,Male,56,Salaried,56027,378216,Home,836,Approved
200,2022-07-19,Male,42,Salaried,113547,258279,Education,357,Rejected
201,2022-07-20,Male,54,Unemployed,193921,99767,Business,797,Approved
202,2022-07-21,Female,28,Salaried,120127,266445,Home,596,Rejected
203,2022-07-22,Male,60,Salaried,168930,181872,Education,433,Approved
204,2022-07-23,Male,64,Salaried,99003,435179,Car,630,Approved
205,2022-07-24,Female,39,Salaried,59758,59330,Education,548,Rejected
206,2022-07-25,Male,62,Salaried,74312,56707,Education,849,Approved
207,2022-07-26,Female,61,Salaried,88670,285833,Education,374,Approved
208,2022-07-27,Female,57,Salaried,102279,34084,Home,467,Rejected
209,2022-07-28,Female,26,Salaried,35434,45387,Home,802,Approved
210,2022-07-29,Male,46,Unemployed,198847,341960,Car,654,Approved
211,2022-07-30,Male,54,Self-Employed,95769,7642,Personal,524,Approved
212,2022-07-31,Male,26,Salaried,86677,309281,Personal,830,Approved
213,2022-08-01,Male,57,Salaried,103555,478048,Personal,445,Rejected
214,2022-08-02,Male,53,Self-Employed,148379,191633,Car,540,Approved
215,2022-08-03,Male,42,Salaried,196806,329404,Personal,643,Approved
216,2022-08-04,Male,41,Salaried,121665,151510,Personal,334,Approved
217,2022-08-05,Female,26,Unemployed,191675,315586,Education,300,Rejected
218,2022-08-06,Male,26,Salaried,88803,370205,Home,452,Approved
219,2022-08-07,Female,24,Self-Employed,190404,401210,Home,728,Approved
220,2022-08-08,Male,50,Unemployed,111703,259511,Education,807,Rejected
221,2022-08-09,Male,31,Salaried,41312,392988,Education,425,Approved
222,2022-08-10,Male,50,Salaried,195251,366719,Education,790,Approved
223,2022-08-11,Female,51,Salaried,137961,268957,Home,781,Approved
224,2022-08-12,Female,44,Self-Employed,60379,360171,Personal,644,Approved
225,2022-08-13,Female,29,Self-Employed,37297,390633,Education,520,Approved
226,2022-08-14,Female,23,Self-Employed,22011,89381,Car,324,Approved
227,2022-08-15,Male,51,Salaried,140234,254880,Education,827,Rejected
228,2022-08-16,Female,60,Self-Employed,64014,322420,Business,481,Approved
229,2022-08-17,Male,57,Unemployed,162810,308387,Education,798,Rejected
230,2022-08-18,Male,56,Self-Employed,114333,198984,Home,341,Approved
231,2022-08-19,Female,44,Unemployed,198570,65272,Education,780,Rejected
232,2022-08-20,Female,51,Self-Employed,31120,178123,Business,738,Rejected
233,2022-08-21,Female,26,Self-Employed,159839,477070,Car,701,Approved
234,2022-08-22,Female,22,Salaried,42852,218808,Personal,845,Approved
235,2022-08-23,Female,40,Salaried,99239,258091,Education,644,Approved
236,2022-08-24,Female,48,Salaried,152001,332762,Business,344,Rejected
237,2022-08-25,Female,31,Self-Employed,111575,269064,Business,320,Rejected
238,2022-08-26,Female,24,Salaried,115040,111121,Car,369,Approved
239,2022-08-27,Male,35,Self-Employed,168510,475435,Home,347,Approved
240,2022-08-28,Female,26,Unemployed,199587,81872,Education,790,Approved
241,2022-08-29,Female,50,Self-Employed,25744,348276,Business,586,Rejected
242,2022-08-30,Male,58,Salaried,193489,269237,Car,309,Approved
243,2022-08-31,Female,22,Salaried,158141,280049,Personal,841,Approved
244,2022-09-01,Male,35,Salaried,62359,126759,Business,573,Approved
245,2022-09-02,Male,31,Self-Employed,170871,422567,Car,680,Approved
246,2022-09-03,Female,28,Self-Employed,118746,298125,Home,628,Rejected
247,2022-09-04,Male,46,Unemployed,140906,341047,Home,778,Approved
248,2022-09-05,Male,64,Salaried,27597,337965,Business,314,Approved
249,2022-09-06,Male,25,Unemployed,67093,376344,Business,815,Approved
250,2022-09-07,Male,26,Self-Employed,188298,87289,Education,490,Approved
251,2022-09-08,Female,46,Salaried,134650,121506,Car,467,Approved
252,2022-09-09,Male,24,Self-Employed,177489,482237,Business,820,Rejected
253,2022-09-10,Female,39,Salaried,169765,83513,Education,436,Rejected
254,2022-09-11,Male,40,Salaried,140956,418090,Education,453,Approved
255,2022-09-12,Male,53,Self-Employed,135598,187003,Business,687,Approved
256,2022-09-13,Male,40,Salaried,153241,405890,Home,508,Rejected
257,2022-09-14,Male,32,Self-Employed,173124,317660,Car,571,Approved
258,2022-09-15,Female,21,Self-Employed,28036,264480,Car,442,Approved
259,2022-09-16,Female,46,Salaried,51778,267043,Home,368,Rejected
260,2022-09-17,Male,34,Salaried,178806,492790,Business,546,Rejected
261,2022-09-18,Male,58,Salaried,174245,196758,Car,560,Rejected
262,2022-09-19,Female,57,Salaried,181475,493067,Business,378,Rejected
263,2022-09-20,Male,31,Salaried,157416,336356,Business,824,Rejected
264,2022-09-21,Male,56,Salaried,38800,138498,Education,629,Approved
265,2022-09-22,Male,33,Salaried,45372,259024,Home,488,Approved
266,2022-09-23,Female,63,Salaried,81516,135970,Business,394,Approved
267,2022-09-24,Female,23,Salaried,40538,95009,Personal,307,Approved
268,2022-09-25,Female,53,Self-Employed,83918,204570,Home,366,Approved
269,2022-09-26,Male,26,Self-Employed,166045,428159,Car,795,Approved
270,2022-09-27,Male,30,Salaried,91155,202467,Education,490,Approved
271,2022-09-28,Female,25,Salaried,79500,49816,Car,665,Approved
272,2022-09-29,Female,43,Unemployed,187647,9138,Car,820,Approved
273,2022-09-30,Female,30,Self-Employed,193333,498944,Home,416,Approved
274,2022-10-01,Female,64,Unemployed,130659,96176,Car,566,Approved
275,2022-10-02,Male,22,Self-Employed,47716,343089,Business,784,Rejected
276,2022-10-03,Female,33,Salaried,154308,271161,Car,808,Approved
277,2022-10-04,Male,60,Salaried,166920,277595,Education,597,Approved
278,2022-10-05,Female,22,Salaried,22352,199028,Education,463,Rejected
279,2022-10-06,Male,40,Salaried,153004,361007,Personal,675,Approved
280,2022-10-07,Female,21,Salaried,96449,277422,Education,567,Approved
281,2022-10-08,Female,57,Salaried,28556,226552,Car,848,Approved
282,2022-10-09,Female,29,Salaried,106836,48764,Education,373,Approved
283,2022-10-10,Female,37,Self-Employed,156570,128030,Home,807,Rejected
284,2022-10-11,Male,29,Self-Employed,70098,399350,Education,372,Approved
285,2022-10-12,Female,31,Salaried,132169,330087,Business,607,Approved
286,2022-10-13,Male,35,Self-Employed,160641,100667,Home,498,Approved
287,2022-10-14,Male,44,Salaried,146060,321462,Personal,429,Approved
288,2022-10-15,Male,58,Self-Employed,150544,370567,Business,786,Approved
289,2022-10-16,Male,55,Salaried,20340,371142,Car,450,Approved
290,2022-10-17,Female,50,Unemployed,195021,65128,Car,505,Approved
291,2022-10-18,Male,51,Self-Employed,102302,224128,Car,478,Approved
292,2022-10-19,Male,25,Salaried,20138,289013,Business,496,Approved
293,2022-10-20,Male,64,Salaried,151430,238540,Business,388,Approved
294,2022-10-21,Female,34,Salaried,139619,10039,Business,733,Approved
295,2022-10-22,Female,31,Salaried,105376,157353,Home,482,Rejected
296,2022-10-23,Female,29,Salaried,119931,117935,Home,508,Approved
297,2022-10-24,Female,54,Self-Employed,181726,15442,Car,792,Approved
298,2022-10-25,Male,32,Salaried,176951,340932,Education,429,Approved
299,2022-10-26,Male,55,Self-Employed,101532,386873,Car,312,Approved
300,2022-10-27,Female,55,Unemployed,75778,294730,Personal,405,Rejected
301,2022-10-28,Male,21,Salaried,57772,58053,Home,674,Approved
302,2022-10-29,Male,60,Salaried,78478,186561,Business,398,Rejected
303,2022-10-30,Male,42,Salaried,46762,219176,Home,491,Approved
304,2022-10-31,Female,49,Self-Employed,164355,91346,Business,624,Rejected
305,2022-11-01,Female,28,Salaried,190492,334231,Personal,766,Approved
306,2022-11-02,Male,31,Unemployed,75568,410841,Personal,666,Rejected
307,2022-11-03,Female,61,Self-Employed,105090,39397,Home,617,Approved
308,2022-11-04,Female,57,Salaried,40219,325815,Business,443,Approved
309,2022-11-05,Female,34,Salaried,77169,121214,Personal,683,Approved
310,2022-11-06,Female,50,Self-Employed,94965,490001,Car,515,Approved
311,2022-11-07,Female,55,Self-Employed,197912,334041,Car,660,Rejected
312,2022-11-08,Male,41,Salaried,195767,162221,Business,623,Approved
313,2022-11-09,Female,57,Salaried,104754,458246,Home,314,Approved
314,2022-11-10,Male,25,Self-Employed,97988,468122,Personal,516,Approved
315,2022-11-11,Male,39,Salaried,170023,403499,Home,791,Approved
316,2022-11-12,Female,34,Unemployed,152379,405826,Car,846,Approved
317,2022-11-13,Male,46,Salaried,100388,441542,Personal,482,Approved
318,2022-11-14,Male,24,Salaried,110768,282068,Home,569,Approved
319,2022-11-15,Male,45,Self-Employed,55428,118143,Education,766,Rejected
320,2022-11-16,Female,62,Salaried,112021,377397,Business,818,Approved
321,2022-11-17,Female,45,Salaried,138418,474378,Business,841,Approved
322,2022-11-18,Male,38,Salaried,190047,367441,Education,766,Rejected
323,2022-11-19,Female,60,Salaried,152212,268013,Car,604,Approved
324,2022-11-20,Female,28,Self-Employed,175914,364232,Personal,443,Approved
325,2022-11-21,Female,59,Salaried,46421,268158,Business,410,Approved
326,2022-11-22,Female,60,Salaried,21708,15103,Education,531,Approved
327,2022-11-23,Male,34,Self-Employed,154702,480738,Education,799,Approved
328,2022-11-24,Male,52,Self-Employed,170667,377461,Car,572,Rejected
329,2022-11-25,Female,58,Salaried,96021,494223,Car,472,Approved
330,2022-11-26,Female,53,Salaried,179380,431674,Home,306,Approved
331,2022-11-27,Male,43,Unemployed,64789,488821,Business,454,Rejected
332,2022-11-28,Male,35,Self-Employed,46086,87409,Home,821,Rejected
333,2022-11-29,Female,53,Salaried,36859,28248,Education,845,Approved
334,2022-11-30,Male,45,Salaried,27684,487376,Personal,847,Approved
335,2022-12-01,Female,37,Salaried,111088,179588,Personal,817,Approved
336,2022-12-02,Female,53,Self-Employed,152279,427277,Car,514,Rejected
337,2022-12-03,Male,22,Self-Employed,66099,160242,Personal,433,Rejected
338,2022-12-04,Male,34,Self-Employed,86093,13024,Personal,584,Approved
339,2022-12-05,Female,60,Self-Employed,180761,480430,Personal,425,Approved
340,2022-12-06,Female,60,Self-Employed,68651,239864,Education,738,Approved
341,2022-12-07,Male,59,Salaried,33893,353091,Personal,451,Rejected
342,2022-12-08,Female,26,Salaried,86418,179875,Personal,630,Approved
343,2022-12-09,Male,26,Salaried,145074,417512,Personal,837,Approved
344,2022-12-10,Female,23,Salaried,123065,358973,Home,682,Rejected
345,2022-12-11,Male,27,Self-Employed,150351,359852,Education,414,Approved
346,2022-12-12,Male,28,Salaried,58635,353808,Car,781,Approved
347,2022-12-13,Male,62,Salaried,115071,416473,Home,583,Approved
348,2022-12-14,Female,35,Salaried,98518,148927,Business,374,Approved
349,2022-12-15,Female,49,Salaried,126233,90178,Education,465,Approved
350,2022-12-16,Male,53,Salaried,123651,368265,Education,488,Approved
351,2022-12-17,Female,50,Salaried,92805,287169,Business,377,Approved
352,2022-12-18,Male,59,Self-Employed,179136,402674,Business,320,Rejected
353,2022-12-19,Male,47,Salaried,142813,68610,Business,483,Approved
354,2022-12-20,Female,56,Self-Employed,99063,75843,Car,521,Approved
355,2022-12-21,Female,49,Salaried,22454,112237,Personal,627,Approved
356,2022-12-22,Male,58,Salaried,40878,482177,Education,478,Rejected
357,2022-12-23,Female,53,Salaried,164063,185903,Personal,411,Rejected
358,2022-12-24,Female,57,Salaried,88344,179499,Personal,358,Approved
359,2022-12-25,Male,47,Self-Employed,124946,492025,Business,626,Approved
360,2022-12-26,Male,53,Salaried,56593,135299,Car,490,Approved
361,2022-12-27,Female,24,Salaried,56304,436722,Home,499,Approved
362,2022-12-28,Male,42,Self-Employed,181458,10668,Car,611,Approved
363,2022-12-29,Male,22,Salaried,133613,227542,Personal,334,Rejected
364,2022-12-30,Female,30,Salaried,172155,183267,Car,678,Rejected
365,2022-12-31,Male,25,Self-Employed,38354,340377,Business,686,Approved
366,2023-01-01,Male,30,Self-Employed,42190,160489,Home,536,Rejected
367,2023-01-02,Female,53,Salaried,26142,349126,Business,818,Rejected
368,2023-01-03,Female,58,Unemployed,179470,111133,Home,582,Approved
369,2023-01-04,Male,33,Self-Employed,61862,277895,Personal,300,Approved
370,2023-01-05,Male,51,Salaried,170575,313362,Home,763,Rejected
371,2023-01-06,Female,56,Self-Employed,145438,393793,Home,529,Approved
372,2023-01-07,Female,44,Salaried,68456,274496,Home,471,Rejected
373,2023-01-08,Female,35,Salaried,120167,215124,Car,386,Rejected
374,2023-01-09,Female,49,Salaried,102035,93835,Car,422,Approved
375,2023-01-10,Male,28,Salaried,28016,102493,Personal,597,Rejected
376,2023-01-11,Female,25,Self-Employed,22384,296071,Home,783,Rejected
377,2023-01-12,Female,49,Salaried,166144,177166,Education,464,Approved
378,2023-01-13,Male,24,Self-Employed,122239,106948,Personal,682,Approved
379,2023-01-14,Female,32,Self-Employed,131431,190194,Home,508,Approved
380,2023-01-15,Male,22,Salaried,100018,34493,Home,731,Approved
381,2023-01-16,Female,47,Self-Employed,60510,490463,Car,688,Approved
382,2023-01-17,Female,51,Salaried,41826,471755,Personal,523,Approved
383,2023-01-18,Female,56,Salaried,88026,298851,Home,302,Approved
384,2023-01-19,Male,56,Self-Employed,141668,204886,Home,671,Approved
385,2023-01-20,Male,46,Salaried,176590,143368,Personal,745,Rejected
386,2023-01-21,Female,63,Salaried,44045,161470,Education,415,Rejected
387,2023-01-22,Male,47,Salaried,110102,302986,Personal,569,Rejected
388,2023-01-23,Male,25,Salaried,71919,18261,Personal,746,Approved
389,2023-01-24,Male,40,Salaried,119441,81709,Education,667,Rejected
390,2023-01-25,Male,31,Salaried,178175,100985,Personal,552,Rejected
391,2023-01-26,Male,30,Unemployed,187260,373760,Home,616,Approved
392,2023-01-27,Male,60,Salaried,156917,454920,Personal,714,Approved
393,2023-01-28,Female,58,Salaried,187746,334317,Education,394,Approved
394,2023-01-29,Female,26,Salaried,138325,298925,Business,323,Rejected
395,2023-01-30,Male,28,Salaried,39337,280796,Personal,349,Approved
396,2023-01-31,Female,43,Unemployed,173385,272247,Car,801,Approved
397,2023-02-01,Female,46,Self-Employed,178015,292644,Home,797,Approved
398,2023-02-02,Female,63,Self-Employed,97949,251404,Home,634,Approved
399,2023-02-03,Female,32,Salaried,20276,105336,Car,378,Approved
400,2023-02-04,Male,46,Salaried,71151,433745,Car,326,Approved
401,2023-02-05,Female,33,Salaried,168683,118499,Personal,570,Approved
402,2023-02-06,Female,60,Self-Employed,163016,154524,Car,546,Rejected
403,2023-02-07,Male,38,Salaried,72887,316537,Business,686,Approved
404,2023-02-08,Male,45,Salaried,101442,429390,Education,660,Approved
405,2023-02-09,Female,53,Unemployed,69847,462666,Car,787,Approved
406,2023-02-10,Female,60,Salaried,78653,171508,Car,651,Approved
407,2023-02-11,Female,63,Salaried,76622,314550,Business,555,Approved
408,2023-02-12,Female,32,Salaried,47810,330203,Home,521,Approved
409,2023-02-13,Female,64,Unemployed,97842,152026,Home,300,Rejected
410,2023-02-14,Female,56,Salaried,142225,349866,Personal,845,Rejected
411,2023-02-15,Male,24,Self-Employed,30503,255819,Business,745,Rejected
412,2023-02-16,Female,25,Self-Employed,104761,17356,Education,378,Approved
413,2023-02-17,Female,57,Salaried,188048,133128,Education,535,Approved
414,2023-02-18,Male,28,Self-Employed,146439,496715,Business,633,Rejected
415,2023-02-19,Male,62,Salaried,31590,7187,Education,648,Approved
416,2023-02-20,Male,48,Salaried,161958,344387,Home,397,Approved
417,2023-02-21,Male,51,Self-Employed,163938,302242,Education,381,Approved
418,2023-02-22,Female,29,Self-Employed,86624,490687,Education,801,Approved
419,2023-02-23,Female,49,Self-Employed,183864,157297,Business,776,Approved
420,2023-02-24,Female,34,Salaried,160836,139678,Business,849,Rejected
421,2023-02-25,Female,60,Salaried,140356,324764,Education,313,Approved
422,2023-02-26,Female,61,Salaried,62727,431044,Car,691,Approved
423,2023-02-27,Female,42,Salaried,98471,131270,Business,646,Rejected
424,2023-02-28,Male,31,Salaried,28068,424705,Personal,609,Rejected
425,2023-03-01,Female,43,Salaried,136923,281531,Personal,685,Approved
426,2023-03-02,Male,21,Salaried,158367,336607,Home,508,Approved
427,2023-03-03,Male,57,Salaried,192232,470048,Education,656,Rejected
428,2023-03-04,Female,41,Salaried,31390,494196,Car,393,Rejected
429,2023-03-05,Male,46,Salaried,126752,247998,Home,392,Approved
430,2023-03-06,Female,56,Self-Employed,171203,400807,Education,639,Rejected
431,2023-03-07,Male,43,Salaried,114754,246503,Business,744,Approved
432,2023-03-08,Female,21,Unemployed,95969,446732,Personal,321,Approved
433,2023-03-09,Male,60,Self-Employed,166110,358827,Car,590,Approved
434,2023-03-10,Female,35,Salaried,97064,67061,Personal,784,Approved
435,2023-03-11,Female,41,Self-Employed,41281,240497,Business,605,Rejected
436,2023-03-12,Female,29,Salaried,74189,464952,Education,427,Approved
437,2023-03-13,Female,29,Salaried,68511,86257,Business,572,Approved
438,2023-03-14,Female,30,Salaried,142115,66753,Business,741,Approved
439,2023-03-15,Male,46,Salaried,28605,351918,Personal,802,Approved
440,2023-03-16,Male,61,Salaried,120318,409303,Car,429,Approved
441,2023-03-17,Male,55,Salaried,152453,429032,Business,431,Approved
442,2023-03-18,Female,45,Self-Employed,39810,28408,Personal,781,Approved
443,2023-03-19,Male,46,Self-Employed,175394,129116,Car,689,Rejected
444,2023-03-20,Female,31,Salaried,61869,136208,Education,624,Approved
445,2023-03-21,Female,58,Self-Employed,52955,22413,Education,368,Approved
446,2023-03-22,Male,22,Salaried,81388,118650,Home,747,Rejected
447,2023-03-23,Male,27,Salaried,30207,64500,Personal,827,Approved
448,2023-03-24,Female,38,Self-Employed,179292,351658,Car,464,Approved
449,2023-03-25,Male,47,Salaried,42031,61358,Business,787,Rejected
450,2023-03-26,Female,54,Salaried,100807,71197,Education,725,Approved
451,2023-03-27,Female,47,Salaried,91312,498992,Car,564,Approved
452,2023-03-28,Female,37,Salaried,79766,228861,Personal,641,Approved
453,2023-03-29,Female,63,Unemployed,163521,228492,Home,577,Approved
454,2023-03-30,Female,64,Salaried,109833,266545,Education,738,Rejected
455,2023-03-31,Male,44,Unemployed,131041,431070,Car,456,Approved
456,2023-04-01,Male,45,Salaried,136185,81240,Car,721,Rejected
457,2023-04-02,Female,27,Salaried,197164,240595,Car,550,Rejected
458,2023-04-03,Female,26,Salaried,30350,226135,Personal,829,Approved
459,2023-04-04,Male,44,Self-Employed,120859,283466,Personal,626,Approved
460,2023-04-05,Male,53,Salaried,88487,380197,Personal,396,Approved
461,2023-04-06,Female,49,Self-Employed,168694,11968,Business,812,Approved
462,2023-04-07,Male,63,Self-Employed,143853,294662,Car,515,Approved
463,2023-04-08,Female,42,Salaried,73117,319069,Education,431,Rejected
464,2023-04-09,Male,46,Unemployed,121084,195920,Personal,559,Rejected
465,2023-04-10,Female,48,Self-Employed,43782,379044,Personal,424,Approved
466,2023-04-11,Male,41,Self-Employed,48454,360566,Car,381,Approved
467,2023-04-12,Female,27,Salaried,87904,268844,Personal,582,Rejected
468,2023-04-13,Male,37,Salaried,149936,360926,Business,358,Approved
469,2023-04-14,Male,40,Salaried,166664,237076,Business,843,Rejected
470,2023-04-15,Female,61,Salaried,173245,28199,Personal,460,Approved
471,2023-04-16,Male,40,Salaried,184276,442805,Car,583,Approved
472,2023-04-17,Female,42,Self-Employed,186668,168187,Car,405,Rejected
473,2023-04-18,Male,48,Salaried,185396,460150,Car,404,Approved
474,2023-04-19,Female,60,Salaried,142258,190388,Home,738,Rejected
475,2023-04-20,Male,27,Unemployed,131668,10520,Personal,527,Rejected
476,2023-04-21,Female,21,Self-Employed,144184,114814,Car,617,Approved
477,2023-04-22,Male,52,Salaried,181822,172527,Business,763,Approved
478,2023-04-23,Female,33,Self-Employed,36566,251356,Education,771,Rejected
479,2023-04-24,Male,50,Salaried,158262,484681,Education,355,Rejected
480,2023-04-25,Female,43,Salaried,58333,128364,Car,312,Approved
481,2023-04-26,Female,39,Self-Employed,141929,439821,Education,739,Rejected
482,2023-04-27,Female,52,Salaried,109571,19955,Education,317,Approved
483,2023-04-28,Male,50,Salaried,140263,180121,Home,412,Approved
484,2023-04-29,Female,49,Salaried,152661,149989,Business,528,Rejected
485,2023-04-30,Male,49,Salaried,45235,468509,Business,470,Approved
486,2023-05-01,Female,50,Salaried,20159,476797,Home,594,Rejected
487,2023-05-02,Male,36,Salaried,163217,255144,Home,488,Approved
488,2023-05-03,Female,60,Self-Employed,182993,69925,Education,725,Approved
489,2023-05-04,Male,39,Self-Employed,124859,374360,Personal,378,Approved
490,2023-05-05,Male,38,Salaried,167309,75269,Education,481,Approved
491,2023-05-06,Female,21,Salaried,127507,429170,Home,798,Approved
492,2023-05-07,Male,34,Salaried,159316,494887,Business,370,Approved
493,2023-05-08,Male,22,Salaried,34743,470833,Education,547,Approved
494,2023-05-09,Female,48,Self-Employed,66101,308602,Personal,445,Approved
495,2023-05-10,Male,50,Salaried,141534,356181,Education,595,Approved
496,2023-05-11,Male,58,Salaried,104227,157185,Car,769,Rejected
497,2023-05-12,Male,24,Self-Employed,91126,104977,Education,805,Approved
498,2023-05-13,Female,21,Self-Employed,76071,488442,Home,492,Approved
499,2023-05-14,Male,28,Self-Employed,94763,311083,Business,367,Approved
500,2023-05-15,Female,49,Salaried,163309,34345,Business,793,Approved
501,2023-05-16,Male,59,Salaried,166721,260688,Home,351,Approved
502,2023-05-17,Male,23,Salaried,188785,444529,Car,662,Approved
503,2023-05-18,Male,52,Salaried,196481,377251,Home,773,Approved
504,2023-05-19,Female,30,Self-Employed,199838,389010,Education,820,Rejected
505,2023-05-20,Male,30,Self-Employed,66154,490581,Home,730,Rejected
506,2023-05-21,Male,39,Self-Employed,27016,266798,Home,597,Approved
507,2023-05-22,Female,54,Self-Employed,199760,498814,Car,734,Approved
508,2023-05-23,Male,53,Salaried,109678,336310,Education,497,Approved
509,2023-05-24,Female,43,Self-Employed,132056,183933,Personal,427,Approved
510,2023-05-25,Female,48,Salaried,74238,102406,Personal,831,Approved
511,2023-05-26,Male,52,Salaried,78608,316442,Business,710,Approved
512,2023-05-27,Female,27,Salaried,109081,445437,Home,364,Approved
513,2023-05-28,Male,49,Salaried,182969,312086,Business,540,Approved
514,2023-05-29,Female,28,Salaried,70961,8453,Car,668,Approved
515,2023-05-30,Female,21,Unemployed,195829,107811,Personal,835,Approved
516,2023-05-31,Male,23,Salaried,46917,59935,Home,683,Approved
517,2023-06-01,Female,44,Salaried,173808,389583,Car,730,Approved
518,2023-06-02,Female,43,Salaried,47990,179442,Car,382,Approved
519,2023-06-03,Female,28,Self-Employed,82551,275472,Home,585,Approved
520,2023-06-04,Female,57,Salaried,173512,20534,Car,833,Approved
521,2023-06-05,Female,23,Self-Employed,186277,352424,Home,758,Approved
522,2023-06-06,Male,53,Salaried,100811,483141,Home,511,Approved
523,2023-06-07,Female,48,Self-Employed,75103,41320,Education,425,Approved
524,2023-06-08,Male,28,Salaried,192699,54170,Business,712,Approved
525,2023-06-09,Female,54,Self-Employed,126122,105546,Car,798,Approved
526,2023-06-10,Male,55,Self-Employed,39008,85201,Car,724,Approved
527,2023-06-11,Male,52,Salaried,52402,239473,Education,842,Approved
528,2023-06-12,Female,44,Salaried,156865,275784,Education,457,Approved
529,2023-06-13,Female,34,Salaried,156643,236324,Education,411,Rejected
530,2023-06-14,Female,52,Salaried,167281,489273,Personal,701,Approved
531,2023-06-15,Male,63,Salaried,133550,166121,Personal,421,Approved
532,2023-06-16,Female,36,Self-Employed,194220,403834,Personal,572,Rejected
533,2023-06-17,Male,24,Salaried,111218,238612,Home,593,Rejected
534,2023-06-18,Male,57,Salaried,153296,192125,Car,697,Approved
535,2023-06-19,Male,41,Salaried,199767,400136,Business,770,Approved
536,2023-06-20,Female,34,Salaried,140779,311081,Home,506,Approved
537,2023-06-21,Female,51,Self-Employed,149714,205796,Car,409,Approved
538,2023-06-22,Male,38,Salaried,52441,148279,Car,739,Approved
539,2023-06-23,Male,27,Self-Employed,190201,201846,Education,577,Approved
540,2023-06-24,Female,30,Self-Employed,82368,169044,Education,781,Approved
541,2023-06-25,Male,27,Self-Employed,112122,409015,Home,413,Rejected
542,2023-06-26,Female,53,Self-Employed,64760,207160,Education,776,Rejected
543,2023-06-27,Male,43,Salaried,43478,427132,Car,620,Approved
544,2023-06-28,Female,41,Unemployed,147881,75463,Education,478,Approved
545,2023-06-29,Male,39,Salaried,91854,98500,Personal,518,Approved
546,2023-06-30,Female,39,Salaried,114230,212772,Education,827,Rejected
547,2023-07-01,Male,56,Self-Employed,105716,42158,Car,791,Approved
548,2023-07-02,Female,49,Unemployed,163252,89607,Home,360,Approved
549,2023-07-03,Female,38,Self-Employed,118538,386783,Business,353,Approved
550,2023-07-04,Male,22,Salaried,35372,250017,Education,837,Approved
551,2023-07-05,Male,21,Salaried,49796,338840,Car,364,Approved
552,2023-07-06,Female,25,Unemployed,118826,328654,Business,470,Rejected
553,2023-07-07,Male,40,Salaried,140592,125076,Business,572,Approved
554,2023-07-08,Female,31,Self-Employed,113635,63692,Personal,834,Approved
555,2023-07-09,Male,62,Self-Employed,131022,135841,Business,690,Approved
556,2023-07-10,Female,22,Salaried,74040,197816,Car,626,Approved
557,2023-07-11,Female,23,Salaried,95357,282954,Car,407,Rejected
558,2023-07-12,Female,43,Salaried,98356,403342,Education,461,Rejected
559,2023-07-13,Female,32,Salaried,36211,166081,Education,751,Rejected
560,2023-07-14,Female,40,Self-Employed,125426,497336,Education,505,Rejected
561,2023-07-15,Female,25,Salaried,25842,116718,Business,315,Approved
562,2023-07-16,Male,57,Self-Employed,86852,358076,Business,626,Approved
563,2023-07-17,Male,58,Salaried,145737,5192,Personal,301,Approved
564,2023-07-18,Male,50,Unemployed,65968,252536,Education,309,Rejected
565,2023-07-19,Female,29,Salaried,37508,41413,Home,733,Approved
566,2023-07-20,Female,54,Salaried,173077,148888,Personal,424,Approved
567,2023-07-21,Female,64,Salaried,74575,44082,Home,380,Rejected
568,2023-07-22,Female,55,Self-Employed,170043,332192,Business,784,Approved
569,2023-07-23,Male,42,Self-Employed,176671,128130,Personal,449,Approved
570,2023-07-24,Male,64,Self-Employed,86914,55940,Personal,639,Approved
571,2023-07-25,Female,44,Salaried,87055,168202,Car,428,Approved
572,2023-07-26,Male,37,Salaried,107697,45142,Business,737,Approved
573,2023-07-27,Male,30,Salaried,126239,41468,Business,800,Rejected
574,2023-07-28,Female,50,Salaried,143106,428914,Personal,357,Approved
575,2023-07-29,Male,43,Salaried,25355,146727,Business,497,Rejected
576,2023-07-30,Female,52,Unemployed,74120,183969,Personal,510,Approved
577,2023-07-31,Male,37,Unemployed,58342,428291,Car,344,Approved
578,2023-08-01,Female,37,Unemployed,22257,407575,Personal,396,Rejected
579,2023-08-02,Female,34,Self-Employed,47364,396192,Business,578,Approved
580,2023-08-03,Female,29,Salaried,176044,241187,Business,834,Approved
581,2023-08-04,Female,60,Salaried,131715,47056,Personal,709,Rejected
582,2023-08-05,Male,22,Salaried,46654,56831,Personal,760,Approved
583,2023-08-06,Female,45,Self-Employed,101423,326335,Personal,690,Approved
584,2023-08-07,Female,59,Salaried,49320,254664,Education,343,Approved
585,2023-08-08,Female,29,Salaried,40808,389092,Business,326,Approved
586,2023-08-09,Male,42,Salaried,72389,431488,Business,396,Approved
587,2023-08-10,Female,63,Salaried,138581,113117,Education,847,Approved
588,2023-08-11,Male,24,Self-Employed,147927,281815,Personal,518,Rejected
589,2023-08-12,Female,46,Self-Employed,54773,294192,Car,484,Rejected
590,2023-08-13,Male,49,Salaried,178819,474490,Personal,368,Approved
591,2023-08-14,Male,54,Unemployed,96396,293107,Personal,429,Approved
592,2023-08-15,Female,43,Self-Employed,127692,48954,Education,633,Approved
593,2023-08-16,Male,57,Salaried,77505,470525,Business,453,Approved
594,2023-08-17,Female,31,Salaried,105896,238192,Personal,846,Approved
595,2023-08-18,Female,26,Salaried,38135,362574,Business,378,Rejected
596,2023-08-19,Female,38,Salaried,110887,5717,Home,712,Rejected
597,2023-08-20,Male,41,Unemployed,142118,278820,Business,845,Approved
598,2023-08-21,Male,62,Salaried,67377,402650,Car,468,Approved
599,2023-08-22,Female,56,Self-Employed,174626,185882,Car,814,Approved
600,2023-08-23,Female,61,Salaried,82491,123696,Personal,613,Approved
601,2023-08-24,Male,58,Salaried,78283,492852,Business,331,Approved
602,2023-08-25,Female,54,Salaried,36923,397974,Personal,586,Rejected
603,2023-08-26,Female,37,Salaried,67591,9994,Education,342,Approved
604,2023-08-27,Female,57,Salaried,82261,271378,Car,300,Rejected
605,2023-08-28,Male,45,Unemployed,74336,74300,Personal,569,Approved
606,2023-08-29,Male,58,Salaried,94083,311093,Education,479,Approved
607,2023-08-30,Male,32,Self-Employed,80948,42405,Personal,817,Approved
608,2023-08-31,Female,43,Salaried,184074,302016,Business,402,Approved
609,2023-09-01,Female,62,Salaried,46672,309359,Business,309,Approved
610,2023-09-02,Female,42,Salaried,24213,28185,Business,389,Approved
611,2023-09-03,Male,41,Salaried,161365,179514,Business,525,Rejected
612,2023-09-04,Female,47,Salaried,82507,449975,Home,425,Approved
613,2023-09-05,Female,51,Salaried,77134,308297,Education,508,Approved
614,2023-09-06,Female,26,Salaried,153172,344679,Education,396,Rejected
615,2023-09-07,Female,47,Salaried,48172,138653,Business,373,Rejected
616,2023-09-08,Male,60,Salaried,40132,56717,Home,490,Rejected
617,2023-09-09,Male,54,Salaried,38199,7763,Business,355,Approved
618,2023-09-10,Female,32,Unemployed,56609,360054,Home,331,Rejected
619,2023-09-11,Male,27,Self-Employed,194037,60480,Business,826,Approved
620,2023-09-12,Male,30,Salaried,159088,174831,Car,583,Approved
621,2023-09-13,Female,37,Salaried,190851,212139,Car,793,Approved
622,2023-09-14,Female,46,Unemployed,51881,123094,Personal,486,Approved
623,2023-09-15,Male,41,Self-Employed,44472,161379,Business,797,Approved
624,2023-09-16,Female,48,Salaried,187093,232443,Education,741,Approved
625,2023-09-17,Male,22,Self-Employed,74131,16064,Personal,429,Approved
626,2023-09-18,Female,63,Salaried,175159,81848,Car,591,Approved
627,2023-09-19,Male,21,Salaried,32828,42548,Business,413,Approved
628,2023-09-20,Female,56,Self-Employed,116664,173017,Personal,498,Rejected
629,2023-09-21,Male,46,Salaried,152473,446153,Business,312,Rejected
630,2023-09-22,Male,49,Unemployed,35193,273620,Car,570,Approved
631,2023-09-23,Male,41,Self-Employed,195936,449972,Personal,514,Rejected
632,2023-09-24,Female,31,Salaried,171379,357245,Car,743,Approved
633,2023-09-25,Male,60,Salaried,122518,7382,Home,811,Approved
634,2023-09-26,Male,31,Salaried,39611,447899,Car,746,Approved
635,2023-09-27,Female,56,Salaried,194863,486215,Business,373,Approved
636,2023-09-28,Female,59,Self-Employed,163022,181348,Education,836,Rejected
637,2023-09-29,Male,60,Salaried,96240,431618,Car,400,Approved
638,2023-09-30,Male,55,Salaried,22745,490097,Education,475,Approved
639,2023-10-01,Female,54,Self-Employed,75243,425162,Home,726,Approved
640,2023-10-02,Female,44,Salaried,23866,84698,Personal,416,Approved
641,2023-10-03,Female,42,Self-Employed,183317,250762,Personal,465,Rejected
642,2023-10-04,Female,25,Salaried,195796,248381,Education,340,Rejected
643,2023-10-05,Female,53,Unemployed,148681,472149,Personal,728,Approved
644,2023-10-06,Male,56,Salaried,91354,420551,Car,643,Rejected
645,2023-10-07,Female,40,Salaried,71374,50095,Education,723,Approved
646,2023-10-08,Male,39,Salaried,134397,478146,Business,665,Rejected
647,2023-10-09,Male,55,Salaried,144577,397118,Car,419,Approved
648,2023-10-10,Male,63,Self-Employed,181188,294341,Car,528,Approved
649,2023-10-11,Female,37,Self-Employed,101029,394763,Car,429,Approved
650,2023-10-12,Male,63,Self-Employed,113574,27010,Business,651,Approved
651,2023-10-13,Male,54,Salaried,171519,422339,Home,617,Approved
652,2023-10-14,Female,29,Salaried,50431,355067,Personal,636,Approved
653,2023-10-15,Male,46,Salaried,168980,138962,Education,572,Approved
654,2023-10-16,Male,22,Salaried,49336,491521,Home,416,Rejected
655,2023-10-17,Female,29,Self-Employed,60992,397670,Education,667,Approved
656,2023-10-18,Male,29,Salaried,75350,114162,Personal,393,Approved
657,2023-10-19,Male,60,Salaried,89561,388071,Business,467,Approved
658,2023-10-20,Male,37,Salaried,71955,275170,Car,640,Rejected
659,2023-10-21,Female,21,Self-Employed,81240,332069,Car,451,Approved
660,2023-10-22,Female,45,Self-Employed,171165,73842,Business,573,Rejected
661,2023-10-23,Female,63,Self-Employed,157227,300809,Home,795,Rejected
662,2023-10-24,Male,60,Salaried,66607,276421,Home,400,Approved
663,2023-10-25,Male,62,Salaried,184559,178311,Education,381,Approved
664,2023-10-26,Female,45,Self-Employed,172035,445880,Business,828,Approved
665,2023-10-27,Male,59,Self-Employed,72870,315152,Home,372,Approved
666,2023-10-28,Male,55,Salaried,84110,281827,Business,313,Rejected
667,2023-10-29,Female,23,Self-Employed,172008,136742,Personal,732,Rejected
668,2023-10-30,Female,57,Self-Employed,136895,225283,Car,456,Approved
669,2023-10-31,Male,64,Self-Employed,24426,153961,Car,431,Approved
670,2023-11-01,Male,64,Self-Employed,47606,453828,Car,637,Rejected
671,2023-11-02,Male,50,Salaried,198904,180607,Business,703,Approved
672,2023-11-03,Female,58,Salaried,48151,345686,Business,675,Approved
673,2023-11-04,Female,54,Salaried,31308,321463,Education,406,Approved
674,2023-11-05,Female,32,Self-Employed,196743,250144,Car,564,Approved
675,2023-11-06,Female,39,Self-Employed,110306,359211,Education,504,Rejected
676,2023-11-07,Male,57,Self-Employed,126984,157711,Car,378,Approved
677,2023-11-08,Female,64,Salaried,22204,200784,Education,454,Approved
678,2023-11-09,Female,37,Self-Employed,112769,414849,Education,546,Rejected
679,2023-11-10,Female,30,Self-Employed,107265,257217,Personal,830,Approved
680,2023-11-11,Female,32,Self-Employed,51131,432876,Education,837,Rejected
681,2023-11-12,Female,36,Self-Employed,72428,336119,Business,453,Approved
682,2023-11-13,Male,44,Self-Employed,53870,168244,Education,453,Approved
683,2023-11-14,Male,39,Salaried,123547,457413,Car,391,Rejected
684,2023-11-15,Female,28,Salaried,69067,106158,Education,732,Approved
685,2023-11-16,Male,51,Salaried,132217,457063,Home,637,Approved
686,2023-11-17,Female,41,Salaried,172679,278721,Car,779,Approved
687,2023-11-18,Female,37,Self-Employed,176040,344443,Home,430,Approved
688,2023-11-19,Male,43,Self-Employed,118934,287320,Car,749,Approved
689,2023-11-20,Male,57,Salaried,162980,442602,Business,572,Rejected
690,2023-11-21,Female,36,Salaried,177495,68972,Business,476,Rejected
691,2023-11-22,Female,26,Self-Employed,94707,387162,Business,348,Rejected
692,2023-11-23,Female,28,Salaried,81215,488007,Home,654,Approved
693,2023-11-24,Male,45,Salaried,69429,439219,Personal,607,Approved
694,2023-11-25,Female,38,Salaried,102152,287140,Car,345,Approved
695,2023-11-26,Female,45,Salaried,128048,105922,Business,601,Rejected
696,2023-11-27,Female,32,Salaried,189530,353742,Car,707,Approved
697,2023-11-28,Male,35,Salaried,197241,40931,Home,488,Approved
698,2023-11-29,Female,46,Salaried,158731,129168,Personal,428,Rejected
699,2023-11-30,Female,61,Self-Employed,97240,171782,Home,836,Approved
700,2023-12-01,Male,46,Salaried,183865,128099,Car,565,Approved
701,2023-12-02,Female,52,Self-Employed,133688,39693,Personal,417,Rejected
702,2023-12-03,Female,30,Salaried,66473,433956,Personal,763,Rejected
703,2023-12-04,Male,36,Salaried,116762,475457,Home,443,Approved
704,2023-12-05,Female,27,Self-Employed,126956,113944,Business,741,Approved
705,2023-12-06,Male,37,Salaried,138452,229655,Car,499,Rejected
706,2023-12-07,Male,43,Salaried,146311,212574,Education,456,Approved
707,2023-12-08,Female,46,Salaried,27006,284518,Education,786,Approved
708,2023-12-09,Female,41,Self-Employed,94218,474890,Home,433,Approved
709,2023-12-10,Female,42,Salaried,184912,252572,Car,447,Approved
710,2023-12-11,Female,27,Salaried,52430,348615,Car,635,Approved
711,2023-12-12,Male,34,Self-Employed,43091,50913,Home,370,Approved
712,2023-12-13,Female,35,Salaried,184055,390827,Car,532,Approved
713,2023-12-14,Male,27,Self-Employed,43989,202097,Business,633,Approved
714,2023-12-15,Female,29,Self-Employed,95451,311660,Home,389,Rejected
715,2023-12-16,Female,28,Unemployed,38990,92796,Business,633,Rejected
716,2023-12-17,Female,43,Salaried,110270,293213,Car,498,Rejected
717,2023-12-18,Male,49,Self-Employed,100360,385477,Home,460,Approved
718,2023-12-19,Female,38,Salaried,56081,454449,Car,837,Approved
719,2023-12-20,Female,51,Salaried,162105,89811,Home,420,Approved
720,2023-12-21,Female,50,Salaried,128272,195121,Car,600,Rejected
721,2023-12-22,Female,59,Self-Employed,36241,237892,Business,735,Approved
722,2023-12-23,Male,55,Salaried,144932,385172,Business,367,Approved
723,2023-12-24,Female,38,Salaried,25939,44178,Car,758,Rejected
724,2023-12-25,Male,62,Salaried,133000,299965,Home,813,Approved
725,2023-12-26,Male,59,Self-Employed,198634,449943,Education,697,Approved
726,2023-12-27,Male,37,Self-Employed,55063,459151,Business,585,Rejected
727,2023-12-28,Male,34,Self-Employed,178117,21999,Business,439,Rejected
728,2023-12-29,Male,51,Salaried,195841,460738,Education,581,Approved
729,2023-12-30,Male,44,Salaried,67118,305856,Car,756,Rejected
730,2023-12-31,Female,55,Self-Employed,104703,200623,Home,386,Approved
731,2024-01-01,Male,64,Salaried,172697,176244,Car,378,Rejected
732,2024-01-02,Male,54,Salaried,148557,300866,Personal,504,Approved
733,2024-01-03,Male,23,Self-Employed,47076,277769,Business,636,Approved
734,2024-01-04,Female,57,Unemployed,64605,203237,Personal,553,Approved
735,2024-01-05,Female,63,Self-Employed,104565,474725,Business,603,Rejected
736,2024-01-06,Male,60,Self-Employed,59121,11859,Business,679,Approved
737,2024-01-07,Female,46,Unemployed,51433,439825,Personal,429,Approved
738,2024-01-08,Male,43,Salaried,63309,441523,Personal,575,Approved
739,2024-01-09,Male,64,Salaried,87468,115986,Car,482,Rejected
740,2024-01-10,Female,59,Unemployed,195326,237654,Personal,567,Approved
741,2024-01-11,Male,35,Salaried,87293,288983,Car,621,Approved
742,2024-01-12,Female,24,Self-Employed,116258,294360,Car,811,Approved
743,2024-01-13,Female,49,Salaried,188925,320097,Car,377,Approved
744,2024-01-14,Male,42,Salaried,58405,482697,Business,638,Approved
745,2024-01-15,Male,45,Self-Employed,63527,458809,Business,808,Approved
746,2024-01-16,Female,33,Unemployed,97227,470291,Personal,537,Approved
747,2024-01-17,Male,38,Self-Employed,151564,54522,Business,433,Approved
748,2024-01-18,Male,53,Salaried,159883,235233,Personal,491,Rejected
749,2024-01-19,Male,36,Self-Employed,113344,403102,Business,655,Approved
750,2024-01-20,Female,62,Salaried,175344,378393,Home,577,Approved
751,2024-01-21,Female,64,Salaried,67153,12485,Home,317,Rejected
752,2024-01-22,Male,22,Salaried,128042,429671,Personal,823,Approved
753,2024-01-23,Female,55,Salaried,74110,248056,Business,479,Rejected
754,2024-01-24,Female,62,Salaried,165051,414983,Business,422,Approved
755,2024-01-25,Female,54,Unemployed,48328,117701,Car,545,Approved
756,2024-01-26,Female,50,Self-Employed,132911,426669,Education,672,Approved
757,2024-01-27,Female,33,Self-Employed,32867,212352,Personal,350,Rejected
758,2024-01-28,Male,33,Salaried,79234,107638,Education,370,Approved
759,2024-01-29,Male,38,Unemployed,45851,189514,Education,779,Approved
760,2024-01-30,Male,52,Unemployed,51279,450093,Personal,318,Rejected
761,2024-01-31,Female,52,Self-Employed,93402,279370,Business,383,Approved
762,2024-02-01,Female,55,Salaried,35449,98405,Personal,454,Approved
763,2024-02-02,Male,59,Salaried,96221,289732,Education,656,Approved
764,2024-02-03,Female,49,Salaried,109080,215048,Business,742,Rejected
765,2024-02-04,Male,49,Salaried,25451,167781,Home,368,Approved
766,2024-02-05,Male,64,Salaried,107178,446004,Personal,822,Approved
767,2024-02-06,Male,36,Unemployed,192388,486247,Personal,442,Approved
768,2024-02-07,Female,64,Salaried,83761,42019,Business,491,Approved
769,2024-02-08,Female,30,Salaried,58870,443164,Home,686,Rejected
770,2024-02-09,Male,50,Salaried,116566,266497,Home,677,Rejected
771,2024-02-10,Male,45,Salaried,143749,70133,Business,834,Rejected
772,2024-02-11,Male,59,Salaried,143765,381588,Car,592,Rejected
773,2024-02-12,Male,40,Salaried,144881,202530,Personal,308,Approved
774,2024-02-13,Female,25,Salaried,181945,384747,Personal,570,Approved
775,2024-02-14,Female,21,Self-Employed,148389,163598,Education,686,Rejected
776,2024-02-15,Male,50,Unemployed,45372,471709,Business,392,Approved
777,2024-02-16,Male,23,Salaried,23642,133585,Education,828,Approved
778,2024-02-17,Female,34,Salaried,179073,450414,Education,453,Rejected
779,2024-02-18,Female,50,Self-Employed,54064,250172,Home,704,Approved
780,2024-02-19,Male,24,Salaried,34122,497750,Personal,448,Rejected
781,2024-02-20,Male,38,Salaried,175892,310539,Education,566,Approved
782,2024-02-21,Male,57,Self-Employed,88431,422247,Home,721,Approved
783,2024-02-22,Female,45,Salaried,75745,473758,Business,771,Approved
784,2024-02-23,Female,21,Self-Employed,70081,130814,Education,846,Approved
785,2024-02-24,Female,35,Salaried,159783,435917,Personal,825,Rejected
786,2024-02-25,Male,29,Salaried,169865,379743,Education,802,Approved
787,2024-02-26,Male,35,Salaried,159271,30939,Business,313,Approved
788,2024-02-27,Female,44,Self-Employed,96253,447361,Education,663,Approved
789,2024-02-28,Female,24,Salaried,56191,418540,Personal,418,Approved
790,2024-02-29,Male,32,Salaried,30211,158939,Home,537,Approved
791,2024-03-01,Female,57,Self-Employed,131086,267347,Personal,845,Rejected
792,2024-03-02,Female,57,Salaried,172614,414760,Home,468,Approved
793,2024-03-03,Male,63,Salaried,182384,414115,Car,821,Rejected
794,2024-03-04,Female,26,Self-Employed,196314,296207,Personal,815,Rejected
795,2024-03-05,Male,59,Salaried,121971,95880,Personal,696,Approved
796,2024-03-06,Male,44,Self-Employed,113783,8748,Business,405,Approved
797,2024-03-07,Male,31,Self-Employed,145681,241094,Education,384,Rejected
798,2024-03-08,Male,33,Self-Employed,107893,384413,Home,513,Approved
799,2024-03-09,Male,54,Salaried,178763,464845,Home,420,Approved
800,2024-03-10,Male,45,Unemployed,97960,347908,Business,431,Approved
801,2024-03-11,Male,27,Salaried,104388,156956,Business,496,Rejected
802,2024-03-12,Female,24,Self-Employed,42601,161255,Education,318,Rejected
803,2024-03-13,Male,28,Salaried,169092,479786,Education,311,Rejected
804,2024-03-14,Male,40,Salaried,159227,469462,Personal,380,Approved
805,2024-03-15,Female,49,Salaried,187849,375180,Car,629,Approved
806,2024-03-16,Female,30,Unemployed,39710,155331,Education,691,Approved
807,2024-03-17,Female,63,Unemployed,128714,172031,Business,606,Approved
808,2024-03-18,Male,54,Salaried,175604,383669,Education,566,Approved
809,2024-03-19,Female,46,Salaried,148727,431673,Home,746,Rejected
810,2024-03-20,Male,61,Self-Employed,169673,352823,Car,740,Rejected
811,2024-03-21,Male,23,Salaried,83227,130829,Personal,301,Approved
812,2024-03-22,Male,26,Salaried,156039,133216,Home,819,Approved
813,2024-03-23,Male,25,Self-Employed,104289,400319,Home,608,Approved
814,2024-03-24,Female,25,Salaried,171094,70901,Car,821,Approved
815,2024-03-25,Female,43,Unemployed,194535,248386,Personal,768,Rejected
816,2024-03-26,Male,29,Salaried,25722,180607,Business,511,Rejected
817,2024-03-27,Male,55,Salaried,178485,414319,Personal,411,Approved
818,2024-03-28,Male,40,Salaried,101050,103046,Education,307,Approved
819,2024-03-29,Female,62,Self-Employed,103596,357156,Home,776,Approved
820,2024-03-30,Male,55,Salaried,86732,83278,Education,759,Approved
821,2024-03-31,Male,38,Self-Employed,163369,279535,Business,552,Approved
822,2024-04-01,Female,37,Salaried,88323,107476,Education,825,Approved
823,2024-04-02,Female,44,Self-Employed,43816,427117,Personal,737,Approved
824,2024-04-03,Male,23,Salaried,60695,387865,Education,535,Rejected
825,2024-04-04,Female,52,Salaried,170774,102537,Business,605,Approved
826,2024-04-05,Female,55,Self-Employed,176314,348303,Business,777,Approved
827,2024-04-06,Male,58,Salaried,75841,466130,Business,319,Approved
828,2024-04-07,Female,33,Salaried,148498,398184,Personal,515,Approved
829,2024-04-08,Male,45,Self-Employed,127096,186429,Business,434,Approved
830,2024-04-09,Female,29,Salaried,112764,222980,Home,428,Approved
831,2024-04-10,Male,24,Self-Employed,105744,436653,Business,709,Approved
832,2024-04-11,Male,34,Salaried,48482,302647,Education,721,Approved
833,2024-04-12,Male,57,Self-Employed,29171,494498,Education,593,Rejected
834,2024-04-13,Female,54,Salaried,120755,491675,Education,545,Approved
835,2024-04-14,Male,31,Salaried,128125,80403,Personal,385,Rejected
836,2024-04-15,Female,61,Unemployed,150722,439474,Education,674,Approved
837,2024-04-16,Male,23,Self-Employed,126082,431940,Personal,745,Approved
838,2024-04-17,Male,48,Salaried,23696,69286,Personal,677,Approved
839,2024-04-18,Female,49,Salaried,146310,341986,Business,689,Approved
840,2024-04-19,Male,29,Self-Employed,171130,109927,Home,350,Rejected
841,2024-04-20,Male,23,Salaried,171385,282052,Business,541,Rejected
842,2024-04-21,Female,45,Self-Employed,39149,490833,Business,593,Rejected
843,2024-04-22,Male,54,Self-Employed,150064,448842,Personal,565,Rejected
844,2024-04-23,Male,32,Salaried,73521,304372,Personal,419,Approved
845,2024-04-24,Male,62,Salaried,65740,28386,Education,547,Approved
846,2024-04-25,Male,29,Self-Employed,126611,182826,Education,369,Approved
847,2024-04-26,Female,35,Salaried,156028,295446,Business,356,Rejected
848,2024-04-27,Female,60,Salaried,86641,327959,Car,681,Rejected
849,2024-04-28,Male,45,Unemployed,83811,257156,Car,338,Approved
850,2024-04-29,Female,25,Salaried,83232,482964,Education,742,Rejected
851,2024-04-30,Male,31,Self-Employed,35417,330488,Car,317,Approved
852,2024-05-01,Female,54,Salaried,175801,433834,Education,651,Approved
853,2024-05-02,Male,44,Salaried,132492,378747,Personal,597,Approved
854,2024-05-03,Male,35,Salaried,50099,474450,Business,582,Approved
855,2024-05-04,Male,58,Salaried,181033,328258,Home,409,Rejected
856,2024-05-05,Male,28,Salaried,163674,253724,Business,479,Approved
857,2024-05-06,Male,25,Salaried,138474,206202,Education,843,Approved
858,2024-05-07,Male,46,Self-Employed,29256,30525,Education,324,Approved
859,2024-05-08,Female,38,Salaried,54681,84818,Business,356,Approved
860,2024-05-09,Male,26,Salaried,111328,119589,Education,479,Approved
861,2024-05-10,Female,57,Salaried,63361,150406,Car,531,Approved
862,2024-05-11,Male,33,Salaried,54540,99715,Car,642,Approved
863,2024-05-12,Female,48,Salaried,177608,198839,Education,776,Approved
864,2024-05-13,Female,25,Salaried,104700,273788,Education,754,Approved
865,2024-05-14,Female,33,Salaried,98532,368298,Car,531,Rejected
866,2024-05-15,Male,37,Salaried,147626,431149,Education,588,Approved
867,2024-05-16,Male,60,Salaried,153943,262438,Education,512,Approved
868,2024-05-17,Female,52,Self-Employed,66002,310613,Business,557,Approved
869,2024-05-18,Male,49,Salaried,69812,431903,Home,829,Approved
870,2024-05-19,Female,23,Salaried,173698,373753,Car,528,Approved
871,2024-05-20,Male,60,Self-Employed,128946,450872,Business,525,Rejected
872,2024-05-21,Female,54,Salaried,86668,415591,Home,734,Rejected
873,2024-05-22,Female,60,Self-Employed,119003,332350,Education,701,Rejected
874,2024-05-23,Male,47,Salaried,62998,363606,Education,387,Approved
875,2024-05-24,Female,33,Salaried,124601,172679,Business,841,Approved
876,2024-05-25,Male,53,Salaried,196679,88178,Education,608,Rejected
877,2024-05-26,Female,26,Salaried,27812,422209,Personal,642,Approved
878,2024-05-27,Female,44,Self-Employed,81844,180458,Business,735,Approved
879,2024-05-28,Male,39,Salaried,153251,259466,Home,476,Rejected
880,2024-05-29,Male,36,Self-Employed,194870,444503,Business,438,Approved
881,2024-05-30,Male,60,Salaried,94601,91724,Car,493,Approved
882,2024-05-31,Female,48,Salaried,159347,234204,Business,485,Approved
883,2024-06-01,Male,53,Salaried,67857,491524,Education,517,Approved
884,2024-06-02,Female,61,Salaried,145555,101393,Education,463,Approved
885,2024-06-03,Female,33,Salaried,40700,394458,Personal,460,Approved
886,2024-06-04,Male,63,Self-Employed,190536,81312,Personal,824,Approved
887,2024-06-05,Male,45,Self-Employed,193423,496587,Personal,341,Approved
888,2024-06-06,Female,62,Salaried,113330,342468,Home,509,Approved
889,2024-06-07,Female,56,Self-Employed,164941,76196,Personal,574,Rejected
890,2024-06-08,Male,47,Unemployed,172026,75014,Home,578,Approved
891,2024-06-09,Male,58,Self-Employed,182627,406426,Personal,550,Approved
892,2024-06-10,Male,27,Salaried,83353,146994,Home,609,Approved
893,2024-06-11,Male,25,Self-Employed,196098,434505,Business,439,Rejected
894,2024-06-12,Male,63,Salaried,120772,38340,Business,845,Approved
895,2024-06-13,Female,51,Unemployed,198048,306994,Education,829,Approved
896,2024-06-14,Female,43,Salaried,111502,455200,Home,356,Approved
897,2024-06-15,Female,62,Salaried,133943,118711,Car,411,Rejected
898,2024-06-16,Female,30,Self-Employed,129850,220250,Education,304,Approved
899,2024-06-17,Male,52,Salaried,65095,16094,Business,709,Approved
900,2024-06-18,Male,63,Unemployed,165342,355103,Home,713,Approved
901,2024-06-19,Male,50,Unemployed,181980,431634,Personal,481,Approved
902,2024-06-20,Female,59,Self-Employed,35523,272885,Car,312,Rejected
903,2024-06-21,Female,51,Salaried,82433,116585,Business,638,Rejected
904,2024-06-22,Male,38,Self-Employed,198140,470590,Education,558,Approved
905,2024-06-23,Male,56,Salaried,39991,389708,Home,389,Rejected
906,2024-06-24,Female,22,Salaried,30775,73798,Car,549,Approved
907,2024-06-25,Female,34,Self-Employed,104995,383170,Home,554,Approved
908,2024-06-26,Male,33,Salaried,167745,206604,Personal,407,Approved
909,2024-06-27,Male,49,Salaried,142808,115130,Education,784,Approved
910,2024-06-28,Female,32,Unemployed,178128,289308,Home,557,Rejected
911,2024-06-29,Male,59,Salaried,157686,171667,Business,581,Approved
912,2024-06-30,Male,22,Salaried,27415,35257,Education,387,Approved
913,2024-07-01,Male,52,Unemployed,194956,412427,Business,503,Approved
914,2024-07-02,Female,33,Salaried,168036,363133,Home,315,Approved
915,2024-07-03,Female,47,Self-Employed,188798,403448,Education,450,Approved
916,2024-07-04,Female,61,Unemployed,57044,465969,Business,553,Approved
917,2024-07-05,Female,37,Unemployed,188616,57691,Personal,487,Rejected
918,2024-07-06,Female,60,Self-Employed,69976,487981,Personal,628,Approved
919,2024-07-07,Female,51,Salaried,183324,84768,Home,843,Approved
920,2024-07-08,Female,54,Salaried,23832,423829,Education,696,Rejected
921,2024-07-09,Male,44,Self-Employed,54148,19026,Car,816,Rejected
922,2024-07-10,Male,55,Self-Employed,132230,451751,Education,758,Approved
923,2024-07-11,Male,26,Salaried,105076,230162,Personal,629,Rejected
924,2024-07-12,Male,39,Salaried,58402,298052,Business,468,Approved
925,2024-07-13,Male,50,Salaried,58578,450329,Car,665,Approved
926,2024-07-14,Male,27,Salaried,110453,24610,Home,477,Approved
927,2024-07-15,Male,30,Self-Employed,173390,182718,Car,661,Rejected
928,2024-07-16,Female,61,Salaried,95715,330329,Home,339,Approved
929,2024-07-17,Female,52,Unemployed,131435,339711,Car,715,Approved
930,2024-07-18,Male,54,Self-Employed,171538,183646,Home,654,Approved
931,2024-07-19,Male,48,Salaried,115742,227123,Home,554,Rejected
932,2024-07-20,Female,35,Self-Employed,65475,303326,Car,442,Approved
933,2024-07-21,Male,50,Salaried,80142,383280,Car,310,Approved
934,2024-07-22,Male,57,Salaried,177636,398786,Home,325,Approved
935,2024-07-23,Female,49,Self-Employed,173484,496006,Personal,720,Rejected
936,2024-07-24,Male,42,Self-Employed,113526,24288,Car,520,Rejected
937,2024-07-25,Female,24,Self-Employed,71001,345968,Education,795,Approved
938,2024-07-26,Male,40,Salaried,77649,428093,Business,536,Approved
939,2024-07-27,Female,52,Salaried,186589,89425,Home,536,Rejected
940,2024-07-28,Female,56,Self-Employed,164228,5917,Home,518,Approved
941,2024-07-29,Female,24,Salaried,174136,342746,Business,786,Rejected
942,2024-07-30,Male,47,Salaried,45711,493256,Personal,760,Rejected
943,2024-07-31,Female,37,Salaried,50106,331719,Business,443,Approved
944,2024-08-01,Male,32,Self-Employed,85458,339662,Car,488,Approved
945,2024-08-02,Male,42,Salaried,167661,258187,Business,554,Approved
946,2024-08-03,Male,37,Self-Employed,150429,44104,Home,367,Approved
947,2024-08-04,Male,30,Unemployed,121754,154134,Business,635,Approved
948,2024-08-05,Female,21,Salaried,158286,284143,Education,708,Approved
949,2024-08-06,Female,42,Salaried,146479,267091,Car,599,Approved
950,2024-08-07,Male,46,Salaried,178199,460061,Business,656,Approved
951,2024-08-08,Male,38,Self-Employed,156213,408157,Home,555,Approved
952,2024-08-09,Female,34,Salaried,48884,66169,Car,652,Approved
953,2024-08-10,Male,49,Salaried,22708,159542,Home,820,Rejected
954,2024-08-11,Female,32,Salaried,38375,134744,Personal,823,Approved
955,2024-08-12,Male,56,Self-Employed,35088,377828,Education,583,Rejected
956,2024-08-13,Male,55,Salaried,77615,64821,Personal,611,Approved
957,2024-08-14,Female,32,Self-Employed,130138,222741,Education,398,Approved
958,2024-08-15,Male,27,Unemployed,196118,254265,Business,496,Rejected
959,2024-08-16,Female,49,Salaried,30014,442651,Car,781,Approved
960,2024-08-17,Male,31,Self-Employed,154345,402745,Business,525,Approved
961,2024-08-18,Male,53,Salaried,198207,219127,Education,664,Approved
962,2024-08-19,Male,26,Self-Employed,122842,279336,Education,667,Approved
963,2024-08-20,Female,35,Self-Employed,181953,341246,Education,374,Approved
964,2024-08-21,Male,52,Self-Employed,98077,208834,Home,341,Approved
965,2024-08-22,Male,31,Salaried,159784,239538,Car,721,Approved
966,2024-08-23,Male,43,Salaried,72874,382038,Business,480,Approved
967,2024-08-24,Male,46,Salaried,89087,91795,Business,844,Approved
968,2024-08-25,Female,54,Salaried,32297,170159,Personal,370,Approved
969,2024-08-26,Female,54,Salaried,47128,333821,Education,404,Approved
970,2024-08-27,Male,49,Salaried,88368,140699,Education,499,Approved
971,2024-08-28,Female,24,Salaried,98958,454757,Education,400,Rejected
972,2024-08-29,Male,37,Salaried,52920,248877,Business,606,Approved
973,2024-08-30,Male,55,Self-Employed,162228,204298,Personal,676,Approved
974,2024-08-31,Male,33,Salaried,162180,401471,Home,698,Approved
975,2024-09-01,Female,61,Salaried,182917,193505,Car,520,Rejected
976,2024-09-02,Female,59,Salaried,153872,141285,Home,481,Approved
977,2024-09-03,Female,35,Salaried,193784,107412,Business,606,Rejected
978,2024-09-04,Female,49,Unemployed,153682,24404,Education,821,Approved
979,2024-09-05,Female,49,Salaried,97603,121545,Car,695,Approved
980,2024-09-06,Female,31,Self-Employed,53872,423596,Business,303,Rejected
981,2024-09-07,Female,52,Unemployed,30728,227128,Business,580,Approved
982,2024-09-08,Female,22,Self-Employed,115102,155245,Business,514,Approved
983,2024-09-09,Female,34,Self-Employed,142049,189099,Car,719,Rejected
984,2024-09-10,Male,40,Self-Employed,40583,291133,Car,400,Rejected
985,2024-09-11,Female,42,Unemployed,105774,266657,Personal,820,Approved
986,2024-09-12,Female,31,Self-Employed,158335,375250,Personal,608,Approved
987,2024-09-13,Female,47,Salaried,146374,291663,Home,809,Rejected
988,2024-09-14,Female,23,Self-Employed,170528,261875,Car,362,Approved
989,2024-09-15,Female,37,Salaried,111118,289583,Car,525,Rejected
990,2024-09-16,Female,64,Self-Employed,85942,385714,Car,404,Approved
991,2024-09-17,Female,48,Salaried,33689,475165,Personal,724,Approved
992,2024-09-18,Female,49,Salaried,184006,19995,Business,554,Rejected
993,2024-09-19,Female,41,Salaried,53276,28559,Education,728,Approved
994,2024-09-20,Female,36,Salaried,121968,356193,Personal,733,Approved
995,2024-09-21,Female,57,Salaried,170945,403237,Car,506,Approved
996,2024-09-22,Male,40,Salaried,33050,103000,Personal,327,Approved
997,2024-09-23,Male,26,Salaried,86216,157191,Home,635,Approved
998,2024-09-24,Female,39,Salaried,104040,449755,Car,368,Rejected
999,2024-09-25,Female,25,Self-Employed,41644,493051,Home,812,Approved
1000,2024-09-26,Male,23,Salaried,82021,306494,Car,466,Approved
